channel_id,channel_url,cluster,cluster_name
UC-91UA-Xy2Cvb98deRXuggA,https://www.youtube.com/channel/UC-91UA-Xy2Cvb98deRXuggA,19,"job, shorts, career, work, iit"
UC-UYJe8O87Y9Qo3XJQRDljg,https://www.youtube.com/channel/UC-UYJe8O87Y9Qo3XJQRDljg,26,"subliminal, affirmations, meditation, mind, hypnosis"
UC-b3c7kxa5vU-bnmaROgvog,https://www.youtube.com/channel/UC-b3c7kxa5vU-bnmaROgvog,28,"startup, design, entrepreneurship, startups, sales"
UC-cDK8t9TBFWEnCyoTYIR-Q,https://www.youtube.com/channel/UC-cDK8t9TBFWEnCyoTYIR-Q,20,"usa, abroad, dallas, student, visa"
UC-dmJ79518WlKMbsu50eMTQ,https://www.youtube.com/channel/UC-dmJ79518WlKMbsu50eMTQ,29,"healing, attraction, law, shivani, pranic"
UC-fn57_xqMv-PaMmpm-ZspQ,https://www.youtube.com/channel/UC-fn57_xqMv-PaMmpm-ZspQ,23,"echosmith, shuba, ed, music, sheeran"
UC-uhvujip5deVcEtLxnW8qg,https://www.youtube.com/channel/UC-uhvujip5deVcEtLxnW8qg,21,"ukraine, russia, news, tldr, chomsky"
UC-vGXUq70B4p6BD-z-711hQ,https://www.youtube.com/channel/UC-vGXUq70B4p6BD-z-711hQ,30,"kannada, comedy, funny, vines, prank"
UC0C-w0YjGpqDXGB8IHb662A,https://www.youtube.com/channel/UC0C-w0YjGpqDXGB8IHb662A,23,"echosmith, shuba, ed, music, sheeran"
UC0DM_mHV2u6dj8ig51GkQwg,https://www.youtube.com/channel/UC0DM_mHV2u6dj8ig51GkQwg,15,"documentary, telegraph, bbc, tv, news"
UC0L1suV8pVgO4pCAIBNGx5w,https://www.youtube.com/channel/UC0L1suV8pVgO4pCAIBNGx5w,15,"documentary, telegraph, bbc, tv, news"
UC0MYNOsIrz6jmXfIMERyRHQ,https://www.youtube.com/channel/UC0MYNOsIrz6jmXfIMERyRHQ,11,"prank, shorts, onlyjayus, iphone, vrchat"
UC0patpmwYbhcEUap0bTX3JQ,https://www.youtube.com/channel/UC0patpmwYbhcEUap0bTX3JQ,18,"data, science, learning, google, tensorflow"
UC0rE2qq81of4fojo-KhO5rg,https://www.youtube.com/channel/UC0rE2qq81of4fojo-KhO5rg,30,"kannada, comedy, funny, vines, prank"
UC0rqucBdTuFTjJiefW5t-IQ,https://www.youtube.com/channel/UC0rqucBdTuFTjJiefW5t-IQ,18,"data, science, learning, google, tensorflow"
UC101sGN0S49Ig2eq6Wd6kRA,https://www.youtube.com/channel/UC101sGN0S49Ig2eq6Wd6kRA,2,"songs, song, music, cover, mishra"
UC1DdFzHNvp2Vv86vyi46MNA,https://www.youtube.com/channel/UC1DdFzHNvp2Vv86vyi46MNA,5,"mantra, bhajan, shiva, durga, sai"
UC1S4Jeodbr5EbsCOIgBWJPQ,https://www.youtube.com/channel/UC1S4Jeodbr5EbsCOIgBWJPQ,16,"gre, toefl, ielts, test, vocabulary"
UC21Kozr_K0yDM-VjoihG9Aw,https://www.youtube.com/channel/UC21Kozr_K0yDM-VjoihG9Aw,12,"vending, stradman, cars, collection, machine"
UC22B9hVNit3v7nOhxsK6wVQ,https://www.youtube.com/channel/UC22B9hVNit3v7nOhxsK6wVQ,29,"healing, attraction, law, shivani, pranic"
UC28Nsu2CmbXRD1eGqMVcpYg,https://www.youtube.com/channel/UC28Nsu2CmbXRD1eGqMVcpYg,19,"job, shorts, career, work, iit"
UC2QhYM2_8ONHsWxkUiS7shQ,https://www.youtube.com/channel/UC2QhYM2_8ONHsWxkUiS7shQ,19,"job, shorts, career, work, iit"
UC2qUDKqTsz00csykCYgdLuA,https://www.youtube.com/channel/UC2qUDKqTsz00csykCYgdLuA,32,"product, management, marketing, sales, carey"
UC3Rny1I5JXgZYvWUzWMMU4Q,https://www.youtube.com/channel/UC3Rny1I5JXgZYvWUzWMMU4Q,7,"workout, fitness, healthy, calisthenics, dr"
UC3Vuq4Q1bKFtAiKYlwRv3oA,https://www.youtube.com/channel/UC3Vuq4Q1bKFtAiKYlwRv3oA,9,"dubai, amish, dignity, nas, zaidalit"
UC3f6OYvhpV-pmTYgikEbF1g,https://www.youtube.com/channel/UC3f6OYvhpV-pmTYgikEbF1g,19,"job, shorts, career, work, iit"
UC3zTcrgezTG_bHRA8fmlmmA,https://www.youtube.com/channel/UC3zTcrgezTG_bHRA8fmlmmA,10,"peterson, jordan, personality, psychology, clips"
UC415bOPUcGSamy543abLmRA,https://www.youtube.com/channel/UC415bOPUcGSamy543abLmRA,0,"english, study, big, harvard, brown"
UC44KdlZ8z3R3bgqUwMch8UQ,https://www.youtube.com/channel/UC44KdlZ8z3R3bgqUwMch8UQ,24,"sbi, rachana, market, ca, card"
UC4GTYUQEZSQ-28KNX7I0ngw,https://www.youtube.com/channel/UC4GTYUQEZSQ-28KNX7I0ngw,7,"workout, fitness, healthy, calisthenics, dr"
UC4Yk3q9vmANVVMXOST89kxQ,https://www.youtube.com/channel/UC4Yk3q9vmANVVMXOST89kxQ,21,"ukraine, russia, news, tldr, chomsky"
UC4aTcVTewbHtLeV8eK3enwA,https://www.youtube.com/channel/UC4aTcVTewbHtLeV8eK3enwA,30,"kannada, comedy, funny, vines, prank"
UC4qJ0wpfqPY4PnaNZAuRVuA,https://www.youtube.com/channel/UC4qJ0wpfqPY4PnaNZAuRVuA,19,"job, shorts, career, work, iit"
UC4wOd-OGys-RKbv9FYFGRvA,https://www.youtube.com/channel/UC4wOd-OGys-RKbv9FYFGRvA,11,"prank, shorts, onlyjayus, iphone, vrchat"
UC59KhIPOR0Jj653dC4laEJw,https://www.youtube.com/channel/UC59KhIPOR0Jj653dC4laEJw,14,"comedy, trevor, noah, funny, netflix"
UC5H_lY2y5X3zhjy5KTez-vQ,https://www.youtube.com/channel/UC5H_lY2y5X3zhjy5KTez-vQ,8,"india, sadhguru, google, canada, indian"
UC5YEoYuciHpO_0s1Mpz8_JA,https://www.youtube.com/channel/UC5YEoYuciHpO_0s1Mpz8_JA,23,"echosmith, shuba, ed, music, sheeran"
UC6-URUKHVmFWSt_KdRsX8UA,https://www.youtube.com/channel/UC6-URUKHVmFWSt_KdRsX8UA,3,"bloomberg, news, bitcoin, economy, economics"
UC65BYtqlRNjR93D5UxGVfXw,https://www.youtube.com/channel/UC65BYtqlRNjR93D5UxGVfXw,0,"english, study, big, harvard, brown"
UC6MXE0Px3m1aI4vI0pLWzQg,https://www.youtube.com/channel/UC6MXE0Px3m1aI4vI0pLWzQg,10,"peterson, jordan, personality, psychology, clips"
UC6n8I1UDTKP1IWjQMg6_TwA,https://www.youtube.com/channel/UC6n8I1UDTKP1IWjQMg6_TwA,13,"vice, documentary, news, history, world"
UC79RWgVZMQa2VOABDPPFvtA,https://www.youtube.com/channel/UC79RWgVZMQa2VOABDPPFvtA,9,"dubai, amish, dignity, nas, zaidalit"
UC7A0P8INcRIbhgFQ1v46Uyg,https://www.youtube.com/channel/UC7A0P8INcRIbhgFQ1v46Uyg,2,"songs, song, music, cover, mishra"
UC7C-v-OEqBE641x6SsveaGA,https://www.youtube.com/channel/UC7C-v-OEqBE641x6SsveaGA,30,"kannada, comedy, funny, vines, prank"
UC7bCIt-Dk1ZAQIMcdoNmhIQ,https://www.youtube.com/channel/UC7bCIt-Dk1ZAQIMcdoNmhIQ,8,"india, sadhguru, google, canada, indian"
UC7eHZXheF8nVOfwB2PEslMw,https://www.youtube.com/channel/UC7eHZXheF8nVOfwB2PEslMw,30,"kannada, comedy, funny, vines, prank"
UC7kbAF7LWIk1pPftd-9ziMw,https://www.youtube.com/channel/UC7kbAF7LWIk1pPftd-9ziMw,31,"homeopathic, medicine, homeopathy, rsverma, dr"
UC7t4llTRPqj6FeZiDR1Ya_g,https://www.youtube.com/channel/UC7t4llTRPqj6FeZiDR1Ya_g,8,"india, sadhguru, google, canada, indian"
UC8-9mdGBP5dtxEKJM2E9bHA,https://www.youtube.com/channel/UC8-9mdGBP5dtxEKJM2E9bHA,7,"workout, fitness, healthy, calisthenics, dr"
UC8-Th83bH_thdKZDJCrn88g,https://www.youtube.com/channel/UC8-Th83bH_thdKZDJCrn88g,14,"comedy, trevor, noah, funny, netflix"
UC88lvyJe7aHZmcvzvubDFRg,https://www.youtube.com/channel/UC88lvyJe7aHZmcvzvubDFRg,13,"vice, documentary, news, history, world"
UC88xLZCCJdPg_pXp5D8AgiQ,https://www.youtube.com/channel/UC88xLZCCJdPg_pXp5D8AgiQ,2,"songs, song, music, cover, mishra"
UC8JB-8J7XUfYeIJKvEA1DkA,https://www.youtube.com/channel/UC8JB-8J7XUfYeIJKvEA1DkA,2,"songs, song, music, cover, mishra"
UC8Su5vZCXWRag13H53zWVwA,https://www.youtube.com/channel/UC8Su5vZCXWRag13H53zWVwA,13,"vice, documentary, news, history, world"
UC8XKyvQ5Ne_bvYbgv8LaIeg,https://www.youtube.com/channel/UC8XKyvQ5Ne_bvYbgv8LaIeg,19,"job, shorts, career, work, iit"
UC8bTQzxgvKkXDAaWkeuUlkg,https://www.youtube.com/channel/UC8bTQzxgvKkXDAaWkeuUlkg,14,"comedy, trevor, noah, funny, netflix"
UC8lu7lA1CyFQ9EavhThSsdQ,https://www.youtube.com/channel/UC8lu7lA1CyFQ9EavhThSsdQ,7,"workout, fitness, healthy, calisthenics, dr"
UC8ofcOdHNINiPrBA9D59Vaw,https://www.youtube.com/channel/UC8ofcOdHNINiPrBA9D59Vaw,18,"data, science, learning, google, tensorflow"
UC9EoLvDSRjGx8FWhI6tJsxA,https://www.youtube.com/channel/UC9EoLvDSRjGx8FWhI6tJsxA,5,"mantra, bhajan, shiva, durga, sai"
UC9HGzFGt7BLmWDqooUbWGBg,https://www.youtube.com/channel/UC9HGzFGt7BLmWDqooUbWGBg,22,"dating, gabblin, hussey, men, relationship"
UC9Jxk_mBmLLqOnm61r9EBuw,https://www.youtube.com/channel/UC9Jxk_mBmLLqOnm61r9EBuw,31,"homeopathic, medicine, homeopathy, rsverma, dr"
UC9RM-iSvTu1uPJb8X5yp3EQ,https://www.youtube.com/channel/UC9RM-iSvTu1uPJb8X5yp3EQ,13,"vice, documentary, news, history, world"
UC9cn0TuPq4dnbTY-CBsm8XA,https://www.youtube.com/channel/UC9cn0TuPq4dnbTY-CBsm8XA,28,"startup, design, entrepreneurship, startups, sales"
UCAkYgW-5XG5uPyaO9PD_I5A,https://www.youtube.com/channel/UCAkYgW-5XG5uPyaO9PD_I5A,1,"india, defence, indian, upsc, ias"
UCAmGmNMwqMNzIC-a6iOLagg,https://www.youtube.com/channel/UCAmGmNMwqMNzIC-a6iOLagg,30,"kannada, comedy, funny, vines, prank"
UCAtYISjPM8p1-8ot1vf9kPA,https://www.youtube.com/channel/UCAtYISjPM8p1-8ot1vf9kPA,7,"workout, fitness, healthy, calisthenics, dr"
UCBGOUQHNNtNGcGzVq5rIXjw,https://www.youtube.com/channel/UCBGOUQHNNtNGcGzVq5rIXjw,33,"python, google, dash, software, programming"
UCB_oqEMvs9Xd7RKoG_8sCyA,https://www.youtube.com/channel/UCB_oqEMvs9Xd7RKoG_8sCyA,22,"dating, gabblin, hussey, men, relationship"
UCBcG9TT58nA1w9Oo3Os3MMg,https://www.youtube.com/channel/UCBcG9TT58nA1w9Oo3Os3MMg,1,"india, defence, indian, upsc, ias"
UCCQSX9nS2WTUrXib2vJN4hA,https://www.youtube.com/channel/UCCQSX9nS2WTUrXib2vJN4hA,8,"india, sadhguru, google, canada, indian"
UCCezIgC97PvUuR4_gbFUs5g,https://www.youtube.com/channel/UCCezIgC97PvUuR4_gbFUs5g,33,"python, google, dash, software, programming"
UCCgQaXjsJ6EdFPZeTFQoSyw,https://www.youtube.com/channel/UCCgQaXjsJ6EdFPZeTFQoSyw,8,"india, sadhguru, google, canada, indian"
UCCj956IF62FbT7Gouszaj9w,https://www.youtube.com/channel/UCCj956IF62FbT7Gouszaj9w,15,"documentary, telegraph, bbc, tv, news"
UCCoS6VGcKqYZCdaDHmv30Wg,https://www.youtube.com/channel/UCCoS6VGcKqYZCdaDHmv30Wg,31,"homeopathic, medicine, homeopathy, rsverma, dr"
UCDLoaI_zOwy_vCPnie9fCXQ,https://www.youtube.com/channel/UCDLoaI_zOwy_vCPnie9fCXQ,20,"usa, abroad, dallas, student, visa"
UCDRZWhedLhwllnac-RBxvyw,https://www.youtube.com/channel/UCDRZWhedLhwllnac-RBxvyw,25,"kold, animals, kolder, tides, shifting"
UCE2ga5Jn6DbFv58_DTKs0XA,https://www.youtube.com/channel/UCE2ga5Jn6DbFv58_DTKs0XA,32,"product, management, marketing, sales, carey"
UCE4yfbhDepYoRSAD-tBzJzg,https://www.youtube.com/channel/UCE4yfbhDepYoRSAD-tBzJzg,29,"healing, attraction, law, shivani, pranic"
UCE8wCVw_ZfRw-D6RJ5EXWbw,https://www.youtube.com/channel/UCE8wCVw_ZfRw-D6RJ5EXWbw,7,"workout, fitness, healthy, calisthenics, dr"
UCEIs9nkveW9WmYtsOcJBwTg,https://www.youtube.com/channel/UCEIs9nkveW9WmYtsOcJBwTg,9,"dubai, amish, dignity, nas, zaidalit"
UCES9tUazzGfrZlruMzue5DA,https://www.youtube.com/channel/UCES9tUazzGfrZlruMzue5DA,20,"usa, abroad, dallas, student, visa"
UCFPcOxYh3M5Es5KFkieW2Gg,https://www.youtube.com/channel/UCFPcOxYh3M5Es5KFkieW2Gg,0,"english, study, big, harvard, brown"
UCFe6jenM1Bc54qtBsIJGRZQ,https://www.youtube.com/channel/UCFe6jenM1Bc54qtBsIJGRZQ,4,"quantum, holes, flammy, integral, interpretation"
UCFh3dBRQToGvu8bjr-CdV4Q,https://www.youtube.com/channel/UCFh3dBRQToGvu8bjr-CdV4Q,10,"peterson, jordan, personality, psychology, clips"
UCFkDAsyfvgxqNyue4F4HHww,https://www.youtube.com/channel/UCFkDAsyfvgxqNyue4F4HHww,10,"peterson, jordan, personality, psychology, clips"
UCFk__1iexL3T5gvGcMpeHNA,https://www.youtube.com/channel/UCFk__1iexL3T5gvGcMpeHNA,4,"quantum, holes, flammy, integral, interpretation"
UCFw1xwDebFOyCUKvHo2qRKQ,https://www.youtube.com/channel/UCFw1xwDebFOyCUKvHo2qRKQ,1,"india, defence, indian, upsc, ias"
UCG1_A0jPBGZUpRW7XkaaBkg,https://www.youtube.com/channel/UCG1_A0jPBGZUpRW7XkaaBkg,17,"shooting, gun, glock, review, ak"
UCG4aUmNL9W0I5hx6Zzp_3-A,https://www.youtube.com/channel/UCG4aUmNL9W0I5hx6Zzp_3-A,14,"comedy, trevor, noah, funny, netflix"
UCGBoWe1mzCvbbqDNncmxm8A,https://www.youtube.com/channel/UCGBoWe1mzCvbbqDNncmxm8A,3,"bloomberg, news, bitcoin, economy, economics"
UCGFNZxMqKLsqWERX_N2f08Q,https://www.youtube.com/channel/UCGFNZxMqKLsqWERX_N2f08Q,1,"india, defence, indian, upsc, ias"
UCGnsRwFS8Xm13lMAeouzT9g,https://www.youtube.com/channel/UCGnsRwFS8Xm13lMAeouzT9g,23,"echosmith, shuba, ed, music, sheeran"
UCGtklTE2ih72CgyvNwEO_iw,https://www.youtube.com/channel/UCGtklTE2ih72CgyvNwEO_iw,20,"usa, abroad, dallas, student, visa"
UCGx3AJSkWe9mLJ1m9PsFJTA,https://www.youtube.com/channel/UCGx3AJSkWe9mLJ1m9PsFJTA,21,"ukraine, russia, news, tldr, chomsky"
UCH5_L3ytGbBziX0CLuYdQ1Q,https://www.youtube.com/channel/UCH5_L3ytGbBziX0CLuYdQ1Q,19,"job, shorts, career, work, iit"
UCHCZnC9akNA9pBP7aJGNKdg,https://www.youtube.com/channel/UCHCZnC9akNA9pBP7aJGNKdg,7,"workout, fitness, healthy, calisthenics, dr"
UCHG1wZgWRqyLscd8xE3d6Ng,https://www.youtube.com/channel/UCHG1wZgWRqyLscd8xE3d6Ng,16,"gre, toefl, ielts, test, vocabulary"
UCHQ6ijQ15cDKyqnD-aDf__g,https://www.youtube.com/channel/UCHQ6ijQ15cDKyqnD-aDf__g,30,"kannada, comedy, funny, vines, prank"
UCHfYqxApaB6_DXCBuFSYG5w,https://www.youtube.com/channel/UCHfYqxApaB6_DXCBuFSYG5w,19,"job, shorts, career, work, iit"
UCHuLYgw4dGbC2BuZQqPWV1g,https://www.youtube.com/channel/UCHuLYgw4dGbC2BuZQqPWV1g,21,"ukraine, russia, news, tldr, chomsky"
UCI0xqzZrJdNlnsmzD_Fliiw,https://www.youtube.com/channel/UCI0xqzZrJdNlnsmzD_Fliiw,14,"comedy, trevor, noah, funny, netflix"
UCI7-iazJE_CiuVw7_yEpinA,https://www.youtube.com/channel/UCI7-iazJE_CiuVw7_yEpinA,9,"dubai, amish, dignity, nas, zaidalit"
UCIOGCEG14rj9GpIFhszkWoQ,https://www.youtube.com/channel/UCIOGCEG14rj9GpIFhszkWoQ,17,"shooting, gun, glock, review, ak"
UCIRYBXDze5krPDzAEOxFGVA,https://www.youtube.com/channel/UCIRYBXDze5krPDzAEOxFGVA,15,"documentary, telegraph, bbc, tv, news"
UCIRgg5VeGBSdnFy15eao8uQ,https://www.youtube.com/channel/UCIRgg5VeGBSdnFy15eao8uQ,30,"kannada, comedy, funny, vines, prank"
UCIugi05X4JKUQz3WPD-YKog,https://www.youtube.com/channel/UCIugi05X4JKUQz3WPD-YKog,17,"shooting, gun, glock, review, ak"
UCJ0uqCI0Vqr2Rrt1HseGirg,https://www.youtube.com/channel/UCJ0uqCI0Vqr2Rrt1HseGirg,14,"comedy, trevor, noah, funny, netflix"
UCJKYubtV1bfbhS-SxTm9Z1A,https://www.youtube.com/channel/UCJKYubtV1bfbhS-SxTm9Z1A,0,"english, study, big, harvard, brown"
UCJSTwVNFY25vFlnNKwYOKuw,https://www.youtube.com/channel/UCJSTwVNFY25vFlnNKwYOKuw,23,"echosmith, shuba, ed, music, sheeran"
UCJX8Wn6opMsBng3QWh0dK6g,https://www.youtube.com/channel/UCJX8Wn6opMsBng3QWh0dK6g,9,"dubai, amish, dignity, nas, zaidalit"
UCJsUvAqDzczYv2UpFmu4PcA,https://www.youtube.com/channel/UCJsUvAqDzczYv2UpFmu4PcA,9,"dubai, amish, dignity, nas, zaidalit"
UCK7tptUDHh-RYDsdxO1-5QQ,https://www.youtube.com/channel/UCK7tptUDHh-RYDsdxO1-5QQ,13,"vice, documentary, news, history, world"
UCKIZijugeVt92lbP5YTwMiA,https://www.youtube.com/channel/UCKIZijugeVt92lbP5YTwMiA,5,"mantra, bhajan, shiva, durga, sai"
UCKL_fwNBR9b4M5Bgyad3KUw,https://www.youtube.com/channel/UCKL_fwNBR9b4M5Bgyad3KUw,32,"product, management, marketing, sales, carey"
UCKQvGU-qtjEthINeViNbn6A,https://www.youtube.com/channel/UCKQvGU-qtjEthINeViNbn6A,3,"bloomberg, news, bitcoin, economy, economics"
UCKUs5_UjbfEmiPKgEaWH4Rw,https://www.youtube.com/channel/UCKUs5_UjbfEmiPKgEaWH4Rw,9,"dubai, amish, dignity, nas, zaidalit"
UCKZozRVHRYsYHGEyNKuhhdA,https://www.youtube.com/channel/UCKZozRVHRYsYHGEyNKuhhdA,1,"india, defence, indian, upsc, ias"
UCK_ungzYZjsoeuCvzv8RTog,https://www.youtube.com/channel/UCK_ungzYZjsoeuCvzv8RTog,2,"songs, song, music, cover, mishra"
UCKcWSiffY8MpZ3NKav8LeRA,https://www.youtube.com/channel/UCKcWSiffY8MpZ3NKav8LeRA,7,"workout, fitness, healthy, calisthenics, dr"
UCKyZ2QnNEtQlN13FvOcSGDw,https://www.youtube.com/channel/UCKyZ2QnNEtQlN13FvOcSGDw,5,"mantra, bhajan, shiva, durga, sai"
UCKzsU94h-PkLBiF5xHo-SjQ,https://www.youtube.com/channel/UCKzsU94h-PkLBiF5xHo-SjQ,29,"healing, attraction, law, shivani, pranic"
UCL0ZOT3eKp4RvKcQyBZJ4bw,https://www.youtube.com/channel/UCL0ZOT3eKp4RvKcQyBZJ4bw,16,"gre, toefl, ielts, test, vocabulary"
UCL8w_A8p8P1HWI3k6PR5Z6w,https://www.youtube.com/channel/UCL8w_A8p8P1HWI3k6PR5Z6w,3,"bloomberg, news, bitcoin, economy, economics"
UCLPHopoiGPUwr8JHpXxBQ9A,https://www.youtube.com/channel/UCLPHopoiGPUwr8JHpXxBQ9A,30,"kannada, comedy, funny, vines, prank"
UCL_f53ZEJxp8TtlOkHwMV9Q,https://www.youtube.com/channel/UCL_f53ZEJxp8TtlOkHwMV9Q,10,"peterson, jordan, personality, psychology, clips"
UCLeJH3qDdggwMFS6z0I4jbw,https://www.youtube.com/channel/UCLeJH3qDdggwMFS6z0I4jbw,23,"echosmith, shuba, ed, music, sheeran"
UCLo66QVfEod0nNM_GzKNxmQ,https://www.youtube.com/channel/UCLo66QVfEod0nNM_GzKNxmQ,3,"bloomberg, news, bitcoin, economy, economics"
UCLyr-hfWVCKHcZjV5fg3jbw,https://www.youtube.com/channel/UCLyr-hfWVCKHcZjV5fg3jbw,0,"english, study, big, harvard, brown"
UCLz7LG4YVi7_iyk4yOARcxA,https://www.youtube.com/channel/UCLz7LG4YVi7_iyk4yOARcxA,33,"python, google, dash, software, programming"
UCM1VesJtJ9vTXcMLLr_FfdQ,https://www.youtube.com/channel/UCM1VesJtJ9vTXcMLLr_FfdQ,2,"songs, song, music, cover, mishra"
UCM4d4vlR_63WQJv6UxTwZqg,https://www.youtube.com/channel/UCM4d4vlR_63WQJv6UxTwZqg,19,"job, shorts, career, work, iit"
UCM5RA4WAMWhtX3okNzjWr_w,https://www.youtube.com/channel/UCM5RA4WAMWhtX3okNzjWr_w,1,"india, defence, indian, upsc, ias"
UCM7UnDj_L5jBnSXpcDWI9tg,https://www.youtube.com/channel/UCM7UnDj_L5jBnSXpcDWI9tg,8,"india, sadhguru, google, canada, indian"
UCMV3aTOwUtG5vwfH9_rzb2w,https://www.youtube.com/channel/UCMV3aTOwUtG5vwfH9_rzb2w,0,"english, study, big, harvard, brown"
UCMkVkFlYZCqkmLLXwPXAFqw,https://www.youtube.com/channel/UCMkVkFlYZCqkmLLXwPXAFqw,25,"kold, animals, kolder, tides, shifting"
UCMwo6hT5hI3R56rO2HYP-wQ,https://www.youtube.com/channel/UCMwo6hT5hI3R56rO2HYP-wQ,0,"english, study, big, harvard, brown"
UCN0Ot_4JS6MiYk4BrT6Sgxw,https://www.youtube.com/channel/UCN0Ot_4JS6MiYk4BrT6Sgxw,23,"echosmith, shuba, ed, music, sheeran"
UCNJUhkpXnF1GcItcztJM-Ww,https://www.youtube.com/channel/UCNJUhkpXnF1GcItcztJM-Ww,30,"kannada, comedy, funny, vines, prank"
UCNLvvsB75P4VMubocS3dlmg,https://www.youtube.com/channel/UCNLvvsB75P4VMubocS3dlmg,26,"subliminal, affirmations, meditation, mind, hypnosis"
UCNU_lfiiWBdtULKOw6X0Dig,https://www.youtube.com/channel/UCNU_lfiiWBdtULKOw6X0Dig,18,"data, science, learning, google, tensorflow"
UCNn6AaHharXIbkRleXGboiQ,https://www.youtube.com/channel/UCNn6AaHharXIbkRleXGboiQ,30,"kannada, comedy, funny, vines, prank"
UCO3xnVTHzB7l-nc8mABUJIQ,https://www.youtube.com/channel/UCO3xnVTHzB7l-nc8mABUJIQ,4,"quantum, holes, flammy, integral, interpretation"
UCOR-iqlcedb8VMnax37m3MQ,https://www.youtube.com/channel/UCOR-iqlcedb8VMnax37m3MQ,6,"music, guitar, berklee, ukulele, flute"
UCOa104QrplnxBkVnoArabwQ,https://www.youtube.com/channel/UCOa104QrplnxBkVnoArabwQ,3,"bloomberg, news, bitcoin, economy, economics"
UCOaiVpNH05aP0hom0SovBYA,https://www.youtube.com/channel/UCOaiVpNH05aP0hom0SovBYA,2,"songs, song, music, cover, mishra"
UCObk_g1hQBy0RKKriVX_zOQ,https://www.youtube.com/channel/UCObk_g1hQBy0RKKriVX_zOQ,14,"comedy, trevor, noah, funny, netflix"
UCOw4v1j3QnzH7X4krQAS7fg,https://www.youtube.com/channel/UCOw4v1j3QnzH7X4krQAS7fg,23,"echosmith, shuba, ed, music, sheeran"
UCP5tjEmvPItGyLhmjdwP7Ww,https://www.youtube.com/channel/UCP5tjEmvPItGyLhmjdwP7Ww,13,"vice, documentary, news, history, world"
UCP6HGa63sBC7-KHtkme-p-g,https://www.youtube.com/channel/UCP6HGa63sBC7-KHtkme-p-g,15,"documentary, telegraph, bbc, tv, news"
UCP8dEm4e63fY8rG-cQXgo7A,https://www.youtube.com/channel/UCP8dEm4e63fY8rG-cQXgo7A,11,"prank, shorts, onlyjayus, iphone, vrchat"
UCPgLNge0xqQHWM5B5EFH9Cg,https://www.youtube.com/channel/UCPgLNge0xqQHWM5B5EFH9Cg,15,"documentary, telegraph, bbc, tv, news"
UCPxMZIFE856tbTfdkdjzTSQ,https://www.youtube.com/channel/UCPxMZIFE856tbTfdkdjzTSQ,8,"india, sadhguru, google, canada, indian"
UCPzCBQC5-hWRmK5DbLSysdw,https://www.youtube.com/channel/UCPzCBQC5-hWRmK5DbLSysdw,5,"mantra, bhajan, shiva, durga, sai"
UCQ93iDLSWgc_7o4AOHxkn8Q,https://www.youtube.com/channel/UCQ93iDLSWgc_7o4AOHxkn8Q,30,"kannada, comedy, funny, vines, prank"
UCQA9tK0nRK1e_Bqg0uETs8A,https://www.youtube.com/channel/UCQA9tK0nRK1e_Bqg0uETs8A,1,"india, defence, indian, upsc, ias"
UCQEkgUtOXa-1PSzg4fC_H8g,https://www.youtube.com/channel/UCQEkgUtOXa-1PSzg4fC_H8g,20,"usa, abroad, dallas, student, visa"
UCQRELbX0H5FCokIFxOAsHFA,https://www.youtube.com/channel/UCQRELbX0H5FCokIFxOAsHFA,6,"music, guitar, berklee, ukulele, flute"
UCQdyCrZpGq4Bbu6V8LPUDWg,https://www.youtube.com/channel/UCQdyCrZpGq4Bbu6V8LPUDWg,29,"healing, attraction, law, shivani, pranic"
UCQzHhoWHxmRS07TFx2D7lpQ,https://www.youtube.com/channel/UCQzHhoWHxmRS07TFx2D7lpQ,28,"startup, design, entrepreneurship, startups, sales"
UCR4wTAyVbbX-IiBiGCgIBTg,https://www.youtube.com/channel/UCR4wTAyVbbX-IiBiGCgIBTg,14,"comedy, trevor, noah, funny, netflix"
UCRJGywIBeuhtRKeIEj9NGHw,https://www.youtube.com/channel/UCRJGywIBeuhtRKeIEj9NGHw,5,"mantra, bhajan, shiva, durga, sai"
UCRPMAqdtSgd0Ipeef7iFsKw,https://www.youtube.com/channel/UCRPMAqdtSgd0Ipeef7iFsKw,33,"python, google, dash, software, programming"
UCRRr_xrOm66qaigIbwFLvbQ,https://www.youtube.com/channel/UCRRr_xrOm66qaigIbwFLvbQ,0,"english, study, big, harvard, brown"
UCRqWqb-iDlueYhUT98Ouj2A,https://www.youtube.com/channel/UCRqWqb-iDlueYhUT98Ouj2A,8,"india, sadhguru, google, canada, indian"
UCRsVdVQlP6iNhRZLbzhSMBw,https://www.youtube.com/channel/UCRsVdVQlP6iNhRZLbzhSMBw,30,"kannada, comedy, funny, vines, prank"
UCS1abmNrZSkWM1vq-sMm63g,https://www.youtube.com/channel/UCS1abmNrZSkWM1vq-sMm63g,1,"india, defence, indian, upsc, ias"
UCS3dfr0uOIC6OP-rSECVPMA,https://www.youtube.com/channel/UCS3dfr0uOIC6OP-rSECVPMA,6,"music, guitar, berklee, ukulele, flute"
UCSPYtDyppzYF9KMLZ1A-kOw,https://www.youtube.com/channel/UCSPYtDyppzYF9KMLZ1A-kOw,16,"gre, toefl, ielts, test, vocabulary"
UCSZBmDk4v3ozB3kfB2oyUEA,https://www.youtube.com/channel/UCSZBmDk4v3ozB3kfB2oyUEA,23,"echosmith, shuba, ed, music, sheeran"
UCSc6wkH9Jp9zzegKoBViXoQ,https://www.youtube.com/channel/UCSc6wkH9Jp9zzegKoBViXoQ,5,"mantra, bhajan, shiva, durga, sai"
UCSrnmu3W6YXWU_85DKT5arg,https://www.youtube.com/channel/UCSrnmu3W6YXWU_85DKT5arg,11,"prank, shorts, onlyjayus, iphone, vrchat"
UCStOJC8F-Zn_oxeMi2lfQog,https://www.youtube.com/channel/UCStOJC8F-Zn_oxeMi2lfQog,15,"documentary, telegraph, bbc, tv, news"
UCSw5U1MuzDED2Nvlx9m65-Q,https://www.youtube.com/channel/UCSw5U1MuzDED2Nvlx9m65-Q,0,"english, study, big, harvard, brown"
UCT3v6vL2H5HK4loLMc8pmCw,https://www.youtube.com/channel/UCT3v6vL2H5HK4loLMc8pmCw,21,"ukraine, russia, news, tldr, chomsky"
UCT4iTe4eB9aRn2p3jRuGlDA,https://www.youtube.com/channel/UCT4iTe4eB9aRn2p3jRuGlDA,19,"job, shorts, career, work, iit"
UCT8M_hDfTRjUbs8hwahZyBA,https://www.youtube.com/channel/UCT8M_hDfTRjUbs8hwahZyBA,5,"mantra, bhajan, shiva, durga, sai"
UCTrSsPMmZavLbc3Ex7VhjDg,https://www.youtube.com/channel/UCTrSsPMmZavLbc3Ex7VhjDg,17,"shooting, gun, glock, review, ak"
UCUFFHXvzAMRSD8Bq4bJppxQ,https://www.youtube.com/channel/UCUFFHXvzAMRSD8Bq4bJppxQ,0,"english, study, big, harvard, brown"
UCUKTrXf8KdGIVXudO3dqOWw,https://www.youtube.com/channel/UCUKTrXf8KdGIVXudO3dqOWw,8,"india, sadhguru, google, canada, indian"
UCUMVRo_qY2RKrEweB9rCv6g,https://www.youtube.com/channel/UCUMVRo_qY2RKrEweB9rCv6g,11,"prank, shorts, onlyjayus, iphone, vrchat"
UCUMZ7gohGI9HcU9VNsr2FJQ,https://www.youtube.com/channel/UCUMZ7gohGI9HcU9VNsr2FJQ,3,"bloomberg, news, bitcoin, economy, economics"
UCUh6k9ReBf1GTLCHRHDI2pw,https://www.youtube.com/channel/UCUh6k9ReBf1GTLCHRHDI2pw,26,"subliminal, affirmations, meditation, mind, hypnosis"
UCUsN5ZwHx2kILm84-jPDeXw,https://www.youtube.com/channel/UCUsN5ZwHx2kILm84-jPDeXw,14,"comedy, trevor, noah, funny, netflix"
UCUwSeY7lUdZSP0vuflq1oPA,https://www.youtube.com/channel/UCUwSeY7lUdZSP0vuflq1oPA,2,"songs, song, music, cover, mishra"
UCUxc0iEpV8wZV4WLOui0RwQ,https://www.youtube.com/channel/UCUxc0iEpV8wZV4WLOui0RwQ,11,"prank, shorts, onlyjayus, iphone, vrchat"
UCUz48nBLEvfE-2rtjuHLt4A,https://www.youtube.com/channel/UCUz48nBLEvfE-2rtjuHLt4A,2,"songs, song, music, cover, mishra"
UCV0DVncZjaudmyfZRrLZXVg,https://www.youtube.com/channel/UCV0DVncZjaudmyfZRrLZXVg,5,"mantra, bhajan, shiva, durga, sai"
UCV5mGxp-rtsGDAedDYnp7hA,https://www.youtube.com/channel/UCV5mGxp-rtsGDAedDYnp7hA,11,"prank, shorts, onlyjayus, iphone, vrchat"
UCV8Qe8z3RDLiAV7E0WP7-Fg,https://www.youtube.com/channel/UCV8Qe8z3RDLiAV7E0WP7-Fg,11,"prank, shorts, onlyjayus, iphone, vrchat"
UCVBXum_ntfgHgHCOYtGOmEw,https://www.youtube.com/channel/UCVBXum_ntfgHgHCOYtGOmEw,9,"dubai, amish, dignity, nas, zaidalit"
UCVNDbT7AQX7WZMIR2tZdYDg,https://www.youtube.com/channel/UCVNDbT7AQX7WZMIR2tZdYDg,9,"dubai, amish, dignity, nas, zaidalit"
UCVcIkmIS1R8JM8Xm2ng9_PQ,https://www.youtube.com/channel/UCVcIkmIS1R8JM8Xm2ng9_PQ,8,"india, sadhguru, google, canada, indian"
UCVpjKK6JMtlAP3cfBjduTxw,https://www.youtube.com/channel/UCVpjKK6JMtlAP3cfBjduTxw,27,"immigration, card, green, visa, hb"
UCVv7h9KKcQ5B6KFVHOhZl4Q,https://www.youtube.com/channel/UCVv7h9KKcQ5B6KFVHOhZl4Q,6,"music, guitar, berklee, ukulele, flute"
UCWHCXSKASuSzao_pplQ7SPw,https://www.youtube.com/channel/UCWHCXSKASuSzao_pplQ7SPw,24,"sbi, rachana, market, ca, card"
UCWX0cUR2rZcqKei1Vstww-A,https://www.youtube.com/channel/UCWX0cUR2rZcqKei1Vstww-A,33,"python, google, dash, software, programming"
UCWXYdNyGX01rnTB-tQci8JQ,https://www.youtube.com/channel/UCWXYdNyGX01rnTB-tQci8JQ,2,"songs, song, music, cover, mishra"
UCWo4IA01TXzBeGJJKWHOG9g,https://www.youtube.com/channel/UCWo4IA01TXzBeGJJKWHOG9g,0,"english, study, big, harvard, brown"
UCWtWeBSsUpYkLnGGyHDSiOQ,https://www.youtube.com/channel/UCWtWeBSsUpYkLnGGyHDSiOQ,32,"product, management, marketing, sales, carey"
UCXGiCLn-Xh9VwDT8h06rOIA,https://www.youtube.com/channel/UCXGiCLn-Xh9VwDT8h06rOIA,6,"music, guitar, berklee, ukulele, flute"
UCXMVaxrax7RNDPdfRrXXgtQ,https://www.youtube.com/channel/UCXMVaxrax7RNDPdfRrXXgtQ,0,"english, study, big, harvard, brown"
UCXUrDDdmQHni2UTSNyIh4ag,https://www.youtube.com/channel/UCXUrDDdmQHni2UTSNyIh4ag,11,"prank, shorts, onlyjayus, iphone, vrchat"
UCY1kMZp36IQSyNx_9h4mpCg,https://www.youtube.com/channel/UCY1kMZp36IQSyNx_9h4mpCg,0,"english, study, big, harvard, brown"
UCY6N8zZhs2V7gNTUxPuKWoQ,https://www.youtube.com/channel/UCY6N8zZhs2V7gNTUxPuKWoQ,33,"python, google, dash, software, programming"
UCYCAYFgoaBn8vzRYXHuTZiA,https://www.youtube.com/channel/UCYCAYFgoaBn8vzRYXHuTZiA,29,"healing, attraction, law, shivani, pranic"
UCYLR1ghzYNyvfjw78raCuxA,https://www.youtube.com/channel/UCYLR1ghzYNyvfjw78raCuxA,14,"comedy, trevor, noah, funny, netflix"
UCYO_jab_esuFRV4b17AJtAw,https://www.youtube.com/channel/UCYO_jab_esuFRV4b17AJtAw,0,"english, study, big, harvard, brown"
UCYXhaLEoRfUc34MPSx4HpDw,https://www.youtube.com/channel/UCYXhaLEoRfUc34MPSx4HpDw,14,"comedy, trevor, noah, funny, netflix"
UCYc3JNvtOfwHWU_DSByJm2g,https://www.youtube.com/channel/UCYc3JNvtOfwHWU_DSByJm2g,30,"kannada, comedy, funny, vines, prank"
UCYwVxWpjeKFWwu8TML-Te9A,https://www.youtube.com/channel/UCYwVxWpjeKFWwu8TML-Te9A,18,"data, science, learning, google, tensorflow"
UCZ4AMrDcNrfy3X6nsU8-rPg,https://www.youtube.com/channel/UCZ4AMrDcNrfy3X6nsU8-rPg,3,"bloomberg, news, bitcoin, economy, economics"
UCZ4sGYJ6l0cgnVNIHY8GY6w,https://www.youtube.com/channel/UCZ4sGYJ6l0cgnVNIHY8GY6w,16,"gre, toefl, ielts, test, vocabulary"
UCZ7x7yDBbEFCGztD8BYvRhA,https://www.youtube.com/channel/UCZ7x7yDBbEFCGztD8BYvRhA,3,"bloomberg, news, bitcoin, economy, economics"
UCZC45sBWNdkqSQ9Bwtt5lfA,https://www.youtube.com/channel/UCZC45sBWNdkqSQ9Bwtt5lfA,22,"dating, gabblin, hussey, men, relationship"
UCZGmXbsgs0cd8NXk6VrF8wQ,https://www.youtube.com/channel/UCZGmXbsgs0cd8NXk6VrF8wQ,9,"dubai, amish, dignity, nas, zaidalit"
UCZJSg5r9IBgknv0VQAVoETg,https://www.youtube.com/channel/UCZJSg5r9IBgknv0VQAVoETg,5,"mantra, bhajan, shiva, durga, sai"
UCZaT_X_mc0BI-djXOlfhqWQ,https://www.youtube.com/channel/UCZaT_X_mc0BI-djXOlfhqWQ,13,"vice, documentary, news, history, world"
UC_gUM8rL-Lrg6O3adPW9K1g,https://www.youtube.com/channel/UC_gUM8rL-Lrg6O3adPW9K1g,21,"ukraine, russia, news, tldr, chomsky"
UC_hoQDD6zKcIqpIYLsFbBeA,https://www.youtube.com/channel/UC_hoQDD6zKcIqpIYLsFbBeA,9,"dubai, amish, dignity, nas, zaidalit"
UC_tXKhJlqZrgr_qdhEKmrDQ,https://www.youtube.com/channel/UC_tXKhJlqZrgr_qdhEKmrDQ,25,"kold, animals, kolder, tides, shifting"
UC_vMxkZeIEQXK8snsBCOlpw,https://www.youtube.com/channel/UC_vMxkZeIEQXK8snsBCOlpw,30,"kannada, comedy, funny, vines, prank"
UC_zmsIHN2KoCHI82Cl2S-FA,https://www.youtube.com/channel/UC_zmsIHN2KoCHI82Cl2S-FA,14,"comedy, trevor, noah, funny, netflix"
UCa2OR2nl26Ht0Gg_IkCd7DQ,https://www.youtube.com/channel/UCa2OR2nl26Ht0Gg_IkCd7DQ,6,"music, guitar, berklee, ukulele, flute"
UCa6M_MhZv_NEyXDffvnKikQ,https://www.youtube.com/channel/UCa6M_MhZv_NEyXDffvnKikQ,29,"healing, attraction, law, shivani, pranic"
UCa9852OG1OJwMYAi7Arb2ag,https://www.youtube.com/channel/UCa9852OG1OJwMYAi7Arb2ag,6,"music, guitar, berklee, ukulele, flute"
UCaF3MVnBYNnjAKF16k3mUjw,https://www.youtube.com/channel/UCaF3MVnBYNnjAKF16k3mUjw,5,"mantra, bhajan, shiva, durga, sai"
UCaIx0hBYAl-6gl_KjyTgObQ,https://www.youtube.com/channel/UCaIx0hBYAl-6gl_KjyTgObQ,8,"india, sadhguru, google, canada, indian"
UCaROuOh08EiaIqQ8Apka2Yw,https://www.youtube.com/channel/UCaROuOh08EiaIqQ8Apka2Yw,27,"immigration, card, green, visa, hb"
UCafpueX9hFLls24ed6UddEQ,https://www.youtube.com/channel/UCafpueX9hFLls24ed6UddEQ,1,"india, defence, indian, upsc, ias"
UCarEovlrD9QY-fy-Z6apIDQ,https://www.youtube.com/channel/UCarEovlrD9QY-fy-Z6apIDQ,14,"comedy, trevor, noah, funny, netflix"
UCayzTot0bZq1U5NUNhvNDdQ,https://www.youtube.com/channel/UCayzTot0bZq1U5NUNhvNDdQ,6,"music, guitar, berklee, ukulele, flute"
UCb7xZQi7F3RW7BNtR57cNnA,https://www.youtube.com/channel/UCb7xZQi7F3RW7BNtR57cNnA,13,"vice, documentary, news, history, world"
UCbzwtpaN0stcTVb8aCbLq0A,https://www.youtube.com/channel/UCbzwtpaN0stcTVb8aCbLq0A,20,"usa, abroad, dallas, student, visa"
UCcYzLCs3zrQIBVHYA1sK2sw,https://www.youtube.com/channel/UCcYzLCs3zrQIBVHYA1sK2sw,8,"india, sadhguru, google, canada, indian"
UCcefcZRL2oaA_uBNeo5UOWg,https://www.youtube.com/channel/UCcefcZRL2oaA_uBNeo5UOWg,28,"startup, design, entrepreneurship, startups, sales"
UCd3rCGu_2R_5LN6IcCBHIQA,https://www.youtube.com/channel/UCd3rCGu_2R_5LN6IcCBHIQA,17,"shooting, gun, glock, review, ak"
UCdC0An4ZPNr_YiFiYoVbwaw,https://www.youtube.com/channel/UCdC0An4ZPNr_YiFiYoVbwaw,11,"prank, shorts, onlyjayus, iphone, vrchat"
UCdWiqyd8RMx_qhCadO19k0g,https://www.youtube.com/channel/UCdWiqyd8RMx_qhCadO19k0g,14,"comedy, trevor, noah, funny, netflix"
UCdnPPbjGZiX7Dw56YDYVDsg,https://www.youtube.com/channel/UCdnPPbjGZiX7Dw56YDYVDsg,2,"songs, song, music, cover, mishra"
UCdxi8d8qRsRyUi2ERYjYb-w,https://www.youtube.com/channel/UCdxi8d8qRsRyUi2ERYjYb-w,3,"bloomberg, news, bitcoin, economy, economics"
UCe3qdG0A_gr-sEdat5y2twQ,https://www.youtube.com/channel/UCe3qdG0A_gr-sEdat5y2twQ,24,"sbi, rachana, market, ca, card"
UCeJFgNahi--FKs0oJyeRDEw,https://www.youtube.com/channel/UCeJFgNahi--FKs0oJyeRDEw,7,"workout, fitness, healthy, calisthenics, dr"
UCeVefxaWBcjrvHxcc5EfIqw,https://www.youtube.com/channel/UCeVefxaWBcjrvHxcc5EfIqw,5,"mantra, bhajan, shiva, durga, sai"
UCen0ko30XIeN5IARS3E_Znw,https://www.youtube.com/channel/UCen0ko30XIeN5IARS3E_Znw,25,"kold, animals, kolder, tides, shifting"
UCfV0_wbjG8KJADuZT2ct4SA,https://www.youtube.com/channel/UCfV0_wbjG8KJADuZT2ct4SA,0,"english, study, big, harvard, brown"
UCfdNM3NAhaBOXCafH7krzrA,https://www.youtube.com/channel/UCfdNM3NAhaBOXCafH7krzrA,21,"ukraine, russia, news, tldr, chomsky"
UCfeMEuhdUtxtaUMNSvxq_Xg,https://www.youtube.com/channel/UCfeMEuhdUtxtaUMNSvxq_Xg,33,"python, google, dash, software, programming"
UCgkEdNiebvq-x8TMkZbqVgg,https://www.youtube.com/channel/UCgkEdNiebvq-x8TMkZbqVgg,6,"music, guitar, berklee, ukulele, flute"
UCgnTNj3QFz7gJ18lMGmf4Ow,https://www.youtube.com/channel/UCgnTNj3QFz7gJ18lMGmf4Ow,26,"subliminal, affirmations, meditation, mind, hypnosis"
UCh7kXF6HwKgX--ByiWfN7-w,https://www.youtube.com/channel/UCh7kXF6HwKgX--ByiWfN7-w,2,"songs, song, music, cover, mishra"
UChIuM0Zpi3WQtV0q91fwXHg,https://www.youtube.com/channel/UChIuM0Zpi3WQtV0q91fwXHg,1,"india, defence, indian, upsc, ias"
UChYs-_zjKRYhdMddjx-NPLw,https://www.youtube.com/channel/UChYs-_zjKRYhdMddjx-NPLw,20,"usa, abroad, dallas, student, visa"
UChzhFUxUZFAQSJZ_Tp4B1fA,https://www.youtube.com/channel/UChzhFUxUZFAQSJZ_Tp4B1fA,9,"dubai, amish, dignity, nas, zaidalit"
UCi-HnKxk5lAE6Uvj5-dHn1g,https://www.youtube.com/channel/UCi-HnKxk5lAE6Uvj5-dHn1g,2,"songs, song, music, cover, mishra"
UCi-pkXLbm7sqXFhV1NBLUfQ,https://www.youtube.com/channel/UCi-pkXLbm7sqXFhV1NBLUfQ,3,"bloomberg, news, bitcoin, economy, economics"
UCiP6wD_tYlYLYh3agzbByWQ,https://www.youtube.com/channel/UCiP6wD_tYlYLYh3agzbByWQ,7,"workout, fitness, healthy, calisthenics, dr"
UCiT9RITQ9PW6BhXK0y2jaeg,https://www.youtube.com/channel/UCiT9RITQ9PW6BhXK0y2jaeg,18,"data, science, learning, google, tensorflow"
UCihUiDJzjyo2ov_qGtW33lw,https://www.youtube.com/channel/UCihUiDJzjyo2ov_qGtW33lw,29,"healing, attraction, law, shivani, pranic"
UCioFEhnLd9kNYbdx39ZlxEA,https://www.youtube.com/channel/UCioFEhnLd9kNYbdx39ZlxEA,8,"india, sadhguru, google, canada, indian"
UCisy6taOAeLfyaCqcMQDfig,https://www.youtube.com/channel/UCisy6taOAeLfyaCqcMQDfig,19,"job, shorts, career, work, iit"
UCjDPr0Df-r6mtqwEHvHY_bA,https://www.youtube.com/channel/UCjDPr0Df-r6mtqwEHvHY_bA,2,"songs, song, music, cover, mishra"
UCjbJGtcD7PGwcm8UUUBzGaQ,https://www.youtube.com/channel/UCjbJGtcD7PGwcm8UUUBzGaQ,2,"songs, song, music, cover, mishra"
UCjn8bDuukMsi0tAzSSVTyNQ,https://www.youtube.com/channel/UCjn8bDuukMsi0tAzSSVTyNQ,13,"vice, documentary, news, history, world"
UCk6ONJlPzjw3DohAeMSgsng,https://www.youtube.com/channel/UCk6ONJlPzjw3DohAeMSgsng,18,"data, science, learning, google, tensorflow"
UCk85J3pqkn1y--k2wNMbthA,https://www.youtube.com/channel/UCk85J3pqkn1y--k2wNMbthA,1,"india, defence, indian, upsc, ias"
UCkGS_3D0HEzfflFnG0bD24A,https://www.youtube.com/channel/UCkGS_3D0HEzfflFnG0bD24A,8,"india, sadhguru, google, canada, indian"
UCkIkqvPmO5UP6Q5so4hYFBA,https://www.youtube.com/channel/UCkIkqvPmO5UP6Q5so4hYFBA,32,"product, management, marketing, sales, carey"
UCkoF2InqbcpBEdHC7KlnaLw,https://www.youtube.com/channel/UCkoF2InqbcpBEdHC7KlnaLw,24,"sbi, rachana, market, ca, card"
UCktwzce9ncy_K78l1KBZkYQ,https://www.youtube.com/channel/UCktwzce9ncy_K78l1KBZkYQ,16,"gre, toefl, ielts, test, vocabulary"
UCl8zB2LZOiLLV0jYUMpTEgA,https://www.youtube.com/channel/UCl8zB2LZOiLLV0jYUMpTEgA,8,"india, sadhguru, google, canada, indian"
UClNLaSXR1o0VcnqZl05gIQQ,https://www.youtube.com/channel/UClNLaSXR1o0VcnqZl05gIQQ,2,"songs, song, music, cover, mishra"
UClngPjkNmITx8dkTFV6P0sA,https://www.youtube.com/channel/UClngPjkNmITx8dkTFV6P0sA,7,"workout, fitness, healthy, calisthenics, dr"
UClwgaGtjn82DV-Spz0N8bFA,https://www.youtube.com/channel/UClwgaGtjn82DV-Spz0N8bFA,8,"india, sadhguru, google, canada, indian"
UCmGSJVG3mCRXVOP4yZrU1Dw,https://www.youtube.com/channel/UCmGSJVG3mCRXVOP4yZrU1Dw,13,"vice, documentary, news, history, world"
UCmXZxX_qexEZxhb5_vQKPCw,https://www.youtube.com/channel/UCmXZxX_qexEZxhb5_vQKPCw,1,"india, defence, indian, upsc, ias"
UCmem-D5aeCsSRyXTZkH_gKQ,https://www.youtube.com/channel/UCmem-D5aeCsSRyXTZkH_gKQ,19,"job, shorts, career, work, iit"
UCmsAwNJKAGI2ibq--B-unKw,https://www.youtube.com/channel/UCmsAwNJKAGI2ibq--B-unKw,12,"vending, stradman, cars, collection, machine"
UCn4rEMqKtwBQ6-oEwbd4PcA,https://www.youtube.com/channel/UCn4rEMqKtwBQ6-oEwbd4PcA,2,"songs, song, music, cover, mishra"
UCn4sPeUomNGIr26bElVdDYg,https://www.youtube.com/channel/UCn4sPeUomNGIr26bElVdDYg,13,"vice, documentary, news, history, world"
UCn8zNIfYAQNdrFRrr8oibKw,https://www.youtube.com/channel/UCn8zNIfYAQNdrFRrr8oibKw,13,"vice, documentary, news, history, world"
UCnU9c8lf6Cvfz8VkD4fxbVQ,https://www.youtube.com/channel/UCnU9c8lf6Cvfz8VkD4fxbVQ,2,"songs, song, music, cover, mishra"
UCneQdPbDLwZ__ZXP0YVwiag,https://www.youtube.com/channel/UCneQdPbDLwZ__ZXP0YVwiag,3,"bloomberg, news, bitcoin, economy, economics"
UCnimG5HX-XSbso0bxpBFH2w,https://www.youtube.com/channel/UCnimG5HX-XSbso0bxpBFH2w,2,"songs, song, music, cover, mishra"
UCnpB6UZ7U5rKPLEjCHKLgbg,https://www.youtube.com/channel/UCnpB6UZ7U5rKPLEjCHKLgbg,22,"dating, gabblin, hussey, men, relationship"
UCnpekFV93kB1O0rVqEKSumg,https://www.youtube.com/channel/UCnpekFV93kB1O0rVqEKSumg,3,"bloomberg, news, bitcoin, economy, economics"
UCo7a6riBFJ3tkeHjvkXPn1g,https://www.youtube.com/channel/UCo7a6riBFJ3tkeHjvkXPn1g,3,"bloomberg, news, bitcoin, economy, economics"
UCoOjH8D2XAgjzQlneM2W0EQ,https://www.youtube.com/channel/UCoOjH8D2XAgjzQlneM2W0EQ,0,"english, study, big, harvard, brown"
UCoPGIiWGsVIEGo8DffljpQA,https://www.youtube.com/channel/UCoPGIiWGsVIEGo8DffljpQA,30,"kannada, comedy, funny, vines, prank"
UCoVwq0vh-XD8RrEyDZ0KeJw,https://www.youtube.com/channel/UCoVwq0vh-XD8RrEyDZ0KeJw,8,"india, sadhguru, google, canada, indian"
UCodkb-qBktJI5NrUsPYpf7g,https://www.youtube.com/channel/UCodkb-qBktJI5NrUsPYpf7g,10,"peterson, jordan, personality, psychology, clips"
UCofLyWKImmSHboaerI4AwfA,https://www.youtube.com/channel/UCofLyWKImmSHboaerI4AwfA,19,"job, shorts, career, work, iit"
UCp8v5KixDUzI8z8crVCXj-g,https://www.youtube.com/channel/UCp8v5KixDUzI8z8crVCXj-g,2,"songs, song, music, cover, mishra"
UCp9-3fFhiTjcCNxccOJ2vNA,https://www.youtube.com/channel/UCp9-3fFhiTjcCNxccOJ2vNA,0,"english, study, big, harvard, brown"
UCpDJl2EmP7Oh90Vylx0dZtA,https://www.youtube.com/channel/UCpDJl2EmP7Oh90Vylx0dZtA,6,"music, guitar, berklee, ukulele, flute"
UCpExuV8qJMfCaSQNL1YG6bQ,https://www.youtube.com/channel/UCpExuV8qJMfCaSQNL1YG6bQ,19,"job, shorts, career, work, iit"
UCpPZggubTs5NvcMCHfRCVKw,https://www.youtube.com/channel/UCpPZggubTs5NvcMCHfRCVKw,23,"echosmith, shuba, ed, music, sheeran"
UCpVm7bg6pXKo1Pr6k5kxG9A,https://www.youtube.com/channel/UCpVm7bg6pXKo1Pr6k5kxG9A,13,"vice, documentary, news, history, world"
UCpip9EesFuO1lkSY_B-vExw,https://www.youtube.com/channel/UCpip9EesFuO1lkSY_B-vExw,14,"comedy, trevor, noah, funny, netflix"
UCppsTOeeitiiuKIAJcAtEiw,https://www.youtube.com/channel/UCppsTOeeitiiuKIAJcAtEiw,19,"job, shorts, career, work, iit"
UCptc7b3jk_PtbpLLeZojRZA,https://www.youtube.com/channel/UCptc7b3jk_PtbpLLeZojRZA,20,"usa, abroad, dallas, student, visa"
UCq-Fj5jknLsUf-MWSy4_brA,https://www.youtube.com/channel/UCq-Fj5jknLsUf-MWSy4_brA,2,"songs, song, music, cover, mishra"
UCq1tIu-F5fRVdRZ1DHTXc3Q,https://www.youtube.com/channel/UCq1tIu-F5fRVdRZ1DHTXc3Q,0,"english, study, big, harvard, brown"
UCqBFsuAz41sqWcFjZkqmJqQ,https://www.youtube.com/channel/UCqBFsuAz41sqWcFjZkqmJqQ,33,"python, google, dash, software, programming"
UCqFzWxSCi39LnW1JKFR3efg,https://www.youtube.com/channel/UCqFzWxSCi39LnW1JKFR3efg,14,"comedy, trevor, noah, funny, netflix"
UCqTU2-sZlJZppgwb_Z5LXhQ,https://www.youtube.com/channel/UCqTU2-sZlJZppgwb_Z5LXhQ,26,"subliminal, affirmations, meditation, mind, hypnosis"
UCqWB6EseWbMKnzunyewBDqg,https://www.youtube.com/channel/UCqWB6EseWbMKnzunyewBDqg,26,"subliminal, affirmations, meditation, mind, hypnosis"
UCqZE1WgKgZ9oeICTrov94yQ,https://www.youtube.com/channel/UCqZE1WgKgZ9oeICTrov94yQ,19,"job, shorts, career, work, iit"
UCqegMHSWfJy1Mp-GCOiu2qA,https://www.youtube.com/channel/UCqegMHSWfJy1Mp-GCOiu2qA,19,"job, shorts, career, work, iit"
UCqhgi4gWXgt66HGTih1u_6g,https://www.youtube.com/channel/UCqhgi4gWXgt66HGTih1u_6g,8,"india, sadhguru, google, canada, indian"
UCqvaXJ1K3HheTPNjH-KpwXQ,https://www.youtube.com/channel/UCqvaXJ1K3HheTPNjH-KpwXQ,3,"bloomberg, news, bitcoin, economy, economics"
UCqwUrj10mAEsqezcItqvwEw,https://www.youtube.com/channel/UCqwUrj10mAEsqezcItqvwEw,30,"kannada, comedy, funny, vines, prank"
UCr4mZxG-wPWMUn5aLl8q4-Q,https://www.youtube.com/channel/UCr4mZxG-wPWMUn5aLl8q4-Q,26,"subliminal, affirmations, meditation, mind, hypnosis"
UCr8Xk8otTXckBw2rXEQXMuA,https://www.youtube.com/channel/UCr8Xk8otTXckBw2rXEQXMuA,11,"prank, shorts, onlyjayus, iphone, vrchat"
UCrC8mOqJQpoB7NuIMKIS6rQ,https://www.youtube.com/channel/UCrC8mOqJQpoB7NuIMKIS6rQ,1,"india, defence, indian, upsc, ias"
UCrIOuPmqRLVmHKNGldGf2Kw,https://www.youtube.com/channel/UCrIOuPmqRLVmHKNGldGf2Kw,26,"subliminal, affirmations, meditation, mind, hypnosis"
UCrM7B7SL_g1edFOnmj-SDKg,https://www.youtube.com/channel/UCrM7B7SL_g1edFOnmj-SDKg,3,"bloomberg, news, bitcoin, economy, economics"
UCra3KQoJlOP7RYwaCyH2qew,https://www.youtube.com/channel/UCra3KQoJlOP7RYwaCyH2qew,16,"gre, toefl, ielts, test, vocabulary"
UCsDTy8jvHcwMvSZf_JGi-FA,https://www.youtube.com/channel/UCsDTy8jvHcwMvSZf_JGi-FA,8,"india, sadhguru, google, canada, indian"
UCsEMQbMruJjM4z6C9xFUbsA,https://www.youtube.com/channel/UCsEMQbMruJjM4z6C9xFUbsA,8,"india, sadhguru, google, canada, indian"
UCsT0YIqwnpJCM-mx7-gSA4Q,https://www.youtube.com/channel/UCsT0YIqwnpJCM-mx7-gSA4Q,0,"english, study, big, harvard, brown"
UCsTcErHg8oDvUnTzoqsYeNw,https://www.youtube.com/channel/UCsTcErHg8oDvUnTzoqsYeNw,11,"prank, shorts, onlyjayus, iphone, vrchat"
UCsrKsXEAqCbZyVrCibkgpwQ,https://www.youtube.com/channel/UCsrKsXEAqCbZyVrCibkgpwQ,17,"shooting, gun, glock, review, ak"
UCsv4YOF2RBYh0NQ1vuHQ-hg,https://www.youtube.com/channel/UCsv4YOF2RBYh0NQ1vuHQ-hg,14,"comedy, trevor, noah, funny, netflix"
UCt2JXOLNxqry7B_4rRZME3Q,https://www.youtube.com/channel/UCt2JXOLNxqry7B_4rRZME3Q,1,"india, defence, indian, upsc, ias"
UCtAIs1VCQrymlAnw3mGonhw,https://www.youtube.com/channel/UCtAIs1VCQrymlAnw3mGonhw,4,"quantum, holes, flammy, integral, interpretation"
UCtYLUTtgS3k1Fg4y5tAhLbw,https://www.youtube.com/channel/UCtYLUTtgS3k1Fg4y5tAhLbw,18,"data, science, learning, google, tensorflow"
UCtdQmE-3ny-M3twGKmOrTcg,https://www.youtube.com/channel/UCtdQmE-3ny-M3twGKmOrTcg,6,"music, guitar, berklee, ukulele, flute"
UCteRPiisgIoHtMgqHegpWAQ,https://www.youtube.com/channel/UCteRPiisgIoHtMgqHegpWAQ,18,"data, science, learning, google, tensorflow"
UCtiqGX-_f8kA0MZkQ4yPJ5g,https://www.youtube.com/channel/UCtiqGX-_f8kA0MZkQ4yPJ5g,28,"startup, design, entrepreneurship, startups, sales"
UCtyYTpFBzWdoSFx2Gl2VNbQ,https://www.youtube.com/channel/UCtyYTpFBzWdoSFx2Gl2VNbQ,33,"python, google, dash, software, programming"
UCu4XcDBdnZkV6-5z2f16M0g,https://www.youtube.com/channel/UCu4XcDBdnZkV6-5z2f16M0g,15,"documentary, telegraph, bbc, tv, news"
UCu57RDCZ_j0lGUX49fT6khA,https://www.youtube.com/channel/UCu57RDCZ_j0lGUX49fT6khA,29,"healing, attraction, law, shivani, pranic"
UCuDz-AQO2KuXzjtxoycrnJg,https://www.youtube.com/channel/UCuDz-AQO2KuXzjtxoycrnJg,11,"prank, shorts, onlyjayus, iphone, vrchat"
UCuJ-WNoWSzB-r43ftlr6gZQ,https://www.youtube.com/channel/UCuJ-WNoWSzB-r43ftlr6gZQ,0,"english, study, big, harvard, brown"
UCuhkaTaUtz9ba_BYWjA_sUA,https://www.youtube.com/channel/UCuhkaTaUtz9ba_BYWjA_sUA,30,"kannada, comedy, funny, vines, prank"
UCupUfUvPVDKDIbDrSFCniAg,https://www.youtube.com/channel/UCupUfUvPVDKDIbDrSFCniAg,18,"data, science, learning, google, tensorflow"
UCuzSOy9pzFbdGsn-aSuMJCA,https://www.youtube.com/channel/UCuzSOy9pzFbdGsn-aSuMJCA,0,"english, study, big, harvard, brown"
UCvAE7ZA69WIT8uJNnNXilIQ,https://www.youtube.com/channel/UCvAE7ZA69WIT8uJNnNXilIQ,26,"subliminal, affirmations, meditation, mind, hypnosis"
UCvB3solmhqtgDeLpD-yTtfg,https://www.youtube.com/channel/UCvB3solmhqtgDeLpD-yTtfg,17,"shooting, gun, glock, review, ak"
UCvBGFeXbBrq3W9_0oNLJREQ,https://www.youtube.com/channel/UCvBGFeXbBrq3W9_0oNLJREQ,28,"startup, design, entrepreneurship, startups, sales"
UCvJJ_dzjViJCoLf5uKUTwoA,https://www.youtube.com/channel/UCvJJ_dzjViJCoLf5uKUTwoA,3,"bloomberg, news, bitcoin, economy, economics"
UCvQECJukTDE2i6aCoMnS-Vg,https://www.youtube.com/channel/UCvQECJukTDE2i6aCoMnS-Vg,0,"english, study, big, harvard, brown"
UCvbJKkmSauhJz0FRFd6nuOQ,https://www.youtube.com/channel/UCvbJKkmSauhJz0FRFd6nuOQ,12,"vending, stradman, cars, collection, machine"
UCvkdpLN1agXoiRWEWTtXqjw,https://www.youtube.com/channel/UCvkdpLN1agXoiRWEWTtXqjw,11,"prank, shorts, onlyjayus, iphone, vrchat"
UCw4wosjC-DKq95xI5klz92w,https://www.youtube.com/channel/UCw4wosjC-DKq95xI5klz92w,1,"india, defence, indian, upsc, ias"
UCw62Qa74SJ4NCdWG3jw7Dfw,https://www.youtube.com/channel/UCw62Qa74SJ4NCdWG3jw7Dfw,14,"comedy, trevor, noah, funny, netflix"
UCwB3HiWejAkml1UZ0Qo2bFg,https://www.youtube.com/channel/UCwB3HiWejAkml1UZ0Qo2bFg,28,"startup, design, entrepreneurship, startups, sales"
UCwH7ZUuRVucq4CYIcoAyE4w,https://www.youtube.com/channel/UCwH7ZUuRVucq4CYIcoAyE4w,18,"data, science, learning, google, tensorflow"
UCwWhs_6x42TyRM4Wstoq8HA,https://www.youtube.com/channel/UCwWhs_6x42TyRM4Wstoq8HA,14,"comedy, trevor, noah, funny, netflix"
UCwqusr8YDwM-3mEYTDeJHzw,https://www.youtube.com/channel/UCwqusr8YDwM-3mEYTDeJHzw,21,"ukraine, russia, news, tldr, chomsky"
UCx4xrSYSfLATFO9fmPZxeNQ,https://www.youtube.com/channel/UCx4xrSYSfLATFO9fmPZxeNQ,2,"songs, song, music, cover, mishra"
UCxfgkOMZRGhW3mGqrAFF-cg,https://www.youtube.com/channel/UCxfgkOMZRGhW3mGqrAFF-cg,8,"india, sadhguru, google, canada, indian"
UCxkqZw7BI-Ta9778vnZnDMA,https://www.youtube.com/channel/UCxkqZw7BI-Ta9778vnZnDMA,7,"workout, fitness, healthy, calisthenics, dr"
UCxtxloVILDQfbzXnX9iFkQg,https://www.youtube.com/channel/UCxtxloVILDQfbzXnX9iFkQg,31,"homeopathic, medicine, homeopathy, rsverma, dr"
UCy436qLXlyLqddExVC64auw,https://www.youtube.com/channel/UCy436qLXlyLqddExVC64auw,2,"songs, song, music, cover, mishra"
UCy5mW8fB24ITiiC0etjLI6w,https://www.youtube.com/channel/UCy5mW8fB24ITiiC0etjLI6w,2,"songs, song, music, cover, mishra"
UCyI4gi0BtlKiUl6KgtuVIUw,https://www.youtube.com/channel/UCyI4gi0BtlKiUl6KgtuVIUw,9,"dubai, amish, dignity, nas, zaidalit"
UCydVjjfO74Vr7Scecn1sNAg,https://www.youtube.com/channel/UCydVjjfO74Vr7Scecn1sNAg,20,"usa, abroad, dallas, student, visa"
UCz8KsDcRFXxzYO4guvCR-LA,https://www.youtube.com/channel/UCz8KsDcRFXxzYO4guvCR-LA,27,"immigration, card, green, visa, hb"
